-- ============================================================
-- PMS Seed Data
-- Generated by import_templates.py
-- Files processed: 41
-- ============================================================

-- ---------------------------------------------------
-- Frequencies (from 0002_seed_frequencies.sql)
-- ---------------------------------------------------
INSERT OR IGNORE INTO frequencies (id, name, name_ar, type, interval_days, interval_hours, sort_order) VALUES
  (1, 'Weekly', 'أسبوعي', 'calendar', 7, NULL, 1),
  (2, 'Monthly', 'شهري', 'calendar', 30, NULL, 2),
  (3, 'Quarterly', 'ربع سنوي', 'calendar', 90, NULL, 3),
  (4, '6 Months', 'نصف سنوي', 'calendar', 180, NULL, 4),
  (5, '1 Year', 'سنوي', 'calendar', 365, NULL, 5),
  (6, '500 Hours', '500 ساعة', 'hourly', NULL, 500, 6),
  (7, '1000 Hours', '1000 ساعة', 'hourly', NULL, 1000, 7),
  (8, '2000 Hours', '2000 ساعة', 'hourly', NULL, 2000, 8),
  (9, '3000 Hours', '3000 ساعة', 'hourly', NULL, 3000, 9),
  (10, '6000 Hours', '6000 ساعة', 'hourly', NULL, 6000, 10),
  (11, 'Custom', 'مخصص', 'custom', 0, 0, 99);

-- ---------------------------------------------------
-- Templates
-- ---------------------------------------------------
INSERT OR IGNORE INTO templates (id, name, name_ar, description) VALUES
  (1, 'Air Compressor', 'ضاغط هواء', 'Air Compressor Monthly PM Checklist'),
  (2, 'Air Winch', 'ونش هواء', 'Air Winch Monthly PM Checklist'),
  (3, 'Centrifugal Pump', 'مضخة طرد مركزي', 'Centrifugal Pump Monthly PM Checklist'),
  (4, 'Hydraulic Winch', 'ونش هيدروليكي', 'Hydraulic Winch Monthly PM Checklist'),
  (5, 'Man Rider Winch', 'ونش نقل الأفراد', 'Man Rider Winch Monthly PM Checklist'),
  (6, 'Mud Agitator', 'خلاط طين', 'Mud Agitator Monthly PM Checklist');

-- ---------------------------------------------------
-- Template Tasks
-- ---------------------------------------------------
INSERT OR IGNORE INTO template_tasks (id, template_id, item_number, task_description, task_description_ar, sort_order) VALUES
  (1, 1, 1, 'COMPLETE REQUIRED PERMIT-TO-WORK (PTW).RECORD AT THE NOTIFICATION THE PTW NUMBER.', 'إكمال تصريح العمل المطلوب (PTW)', 1),
  (2, 1, 2, 'MECHANICAL AND ELECTRICAL LOCKOUT / TAG-OUT PERMIT REQUIRED.', 'قفل / وضع علامة ميكانيكية وكهربائية مطلوب', 2),
  (3, 1, 3, 'REVIEW / COMPLETE JOB-SAFETY-ANALYSIS (JSA).', 'مراجعة / إكمال تحليل سلامة الوظيفة (JSA)', 3),
  (4, 1, 4, 'INFORM AREA AUTHORITY IF WORK IS CARRIED OUT ON CRITICAL EQUIPMENT FOR ONGOING OPERATION.', 'إبلاغ سلطة المنطقة إذا تم العمل على معدات حيوية للعملية المستمرة', 4),
  (5, 1, 5, 'WHERE APPROPRIATE, ENSURE TEST EQUIPMENT AND TOOLS HAVE VALID CERTIFICATION/CALIBRATION', 'التأكد من أن معدات وأدوات الاختبار لديها شهادة/معايرة سارية', 5),
  (6, 1, 6, 'WEAR ALL PROPER SAFETY EQUIPMENT', 'ارتداء جميع معدات السلامة المناسبة', 6),
  (7, 1, 7, 'CHANGE OIL FILTER ELEMENTS', 'تغيير OIL FILTER ELEMENTS', 7),
  (8, 1, 8, 'CHECK AIR INTAKE FILTER ELEMENT, CHANGE WHEN NEEDED', 'فحص AIR INTAKE FILTER ELEMENT, CHANGE WHEN NEEDED', 8),
  (9, 1, 9, 'CHECK COUPLING FOR FATIGUE OR CRACKING', 'فحص COUPLING FOR FATIGUE OR CRACKING', 9),
  (10, 1, 10, 'MANUALLY TRIP POP OFF VALVES TO TEST FOR PROPER OPERATION', 'يدويًا TRIP POP OFF VALVES TO TEST FOR PROPER OPERATION', 10),
  (11, 1, 11, 'CHECK FOR UNUSUAL NOISE AS THE COMPRESSOR UNLOADS. THIS MAY INDICATE THAT REAR BEARINGS ARE GOING BAD', 'فحص FOR UNUSUAL NOISE AS THE COMPRESSOR UNLOADS. THIS MAY INDICATE THAT REAR BEARINGS ARE GOING BAD', 11),
  (12, 1, 12, 'CLEAN OUT HEAT EXCHANGER', 'تنظيف OUT HEAT EXCHANGER', 12),
  (13, 1, 13, 'TAKE OIL SAMPLE OR AS PER NDC OIL SAMPLING INTERVAL', 'TAKE OIL SAMPLE OR AS PER NDC OIL SAMPLING INTERVAL', 13),
  (14, 1, 14, 'AT FULL LOAD RECORD AIR PRESSURE. RECORD IN SAP', 'AT FULL LOAD RECORD AIR PRESSURE. RECORD IN SAP', 14),
  (15, 1, 15, 'AT FULL LOAD RECORD PRESENT CAPACITY. RECORD IN SAP', 'AT FULL LOAD RECORD PRESENT CAPACITY. RECORD IN SAP', 15),
  (16, 1, 16, 'AT FULL LOAD RECORD COMPRESSOR DISCHARGE TEMPERATURE. RECORD IN SAP', 'AT FULL LOAD RECORD COMPRESSOR DISCHARGE TEMPERATURE. RECORD IN SAP', 16),
  (17, 1, 17, 'ENSURE UNIT DOORS ARE ALL CLOSED AND SECURED', 'التأكد UNIT DOORS ARE ALL CLOSED AND SECURED', 17),
  (18, 1, 18, 'CHECK FUNCTION OF MOISTURE TRAP', 'فحص FUNCTION OF MOISTURE TRAP', 18),
  (19, 1, 19, 'CHECK HOSES FOR DETERIORATION, CHANGE IF NEEDED', 'فحص HOSES FOR DETERIORATION, CHANGE IF NEEDED', 19),
  (20, 2, 1, 'COMPLETE REQUIRED PERMIT-TO-WORK (PTW).RECORD AT THE NOTIFICATION THE PTW NUMBER.', 'إكمال تصريح العمل المطلوب (PTW)', 1),
  (21, 2, 2, 'MECHANICAL AND ELECTRICAL LOCKOUT / TAG-OUT PERMIT REQUIRED.', 'قفل / وضع علامة ميكانيكية وكهربائية مطلوب', 2),
  (22, 2, 3, 'REVIEW / COMPLETE JOB-SAFETY-ANALYSIS (JSA).', 'مراجعة / إكمال تحليل سلامة الوظيفة (JSA)', 3),
  (23, 2, 4, 'INFORM AREA AUTHORITY IF WORK IS CARRIED OUT ON CRITICAL EQUIPMENT FOR ONGOING OPERATION.', 'إبلاغ سلطة المنطقة إذا تم العمل على معدات حيوية للعملية المستمرة', 4),
  (24, 2, 5, 'WHERE APPROPRIATE, ENSURE TEST EQUIPMENT AND TOOLS HAVE VALID CERTIFICATION/CALIBRATION', 'التأكد من أن معدات وأدوات الاختبار لديها شهادة/معايرة سارية', 5),
  (25, 2, 6, 'WEAR ALL PROPER SAFETY EQUIPMENT', 'ارتداء جميع معدات السلامة المناسبة', 6),
  (26, 2, 7, 'CLEAN AIR FILTER & LUBRACTOR OIL LEVEL', 'تنظيف AIR FILTER & LUBRACTOR OIL LEVEL', 7),
  (27, 2, 8, 'CHECK THE BOLTS', 'فحص THE BOLTS', 8),
  (28, 2, 9, 'CLEAN THE UNIT', 'تنظيف THE UNIT', 9),
  (29, 2, 10, 'CHECK BRAKE MECHANISM', 'فحص BRAKE MECHANISM', 10),
  (30, 3, 1, 'COMPLETE REQUIRED PERMIT-TO-WORK (PTW).RECORD AT THE NOTIFICATION THE PTW NUMBER.', 'إكمال تصريح العمل المطلوب (PTW)', 1),
  (31, 3, 2, 'MECHANICAL AND ELECTRICAL LOCKOUT / TAG-OUT PERMIT REQUIRED.', 'قفل / وضع علامة ميكانيكية وكهربائية مطلوب', 2),
  (32, 3, 3, 'REVIEW / COMPLETE JOB-SAFETY-ANALYSIS (JSA).', 'مراجعة / إكمال تحليل سلامة الوظيفة (JSA)', 3),
  (33, 3, 4, 'INFORM AREA AUTHORITY IF WORK IS CARRIED OUT ON CRITICAL EQUIPMENT FOR ONGOING OPERATION.', 'إبلاغ سلطة المنطقة إذا تم العمل على معدات حيوية للعملية المستمرة', 4),
  (34, 3, 5, 'WHERE APPROPRIATE, ENSURE TEST EQUIPMENT AND TOOLS HAVE VALID CERTIFICATION/CALIBRATION', 'التأكد من أن معدات وأدوات الاختبار لديها شهادة/معايرة سارية', 5),
  (35, 3, 6, 'WEAR ALL PROPER SAFETY EQUIPMENT', 'ارتداء جميع معدات السلامة المناسبة', 6),
  (36, 3, 7, 'VISUALLY INSPECT THE PUMP, VALVES, LINES AND GAUGES FOR LEAKS.', 'فحص بصري THE PUMP, VALVES, LINES AND GAUGES FOR LEAKS', 7),
  (37, 3, 8, 'CHECK THE TEMPERATURE OF THE PUMP UNDER OPERATION BY HAND (250 F MAXIMUM.', 'فحص THE TEMPERATURE OF THE PUMP UNDER OPERATION BY HAND (250 F MAXIMUM', 8),
  (38, 3, 9, 'CHECK PUMP PARAMETERS (OPERATE THE PUMP ONLY IN THE PERFORMANCE RANGE FOR WHICH IT WAS DESIGNED.', 'فحص PUMP PARAMETERS (OPERATE THE PUMP ONLY IN THE PERFORMANCE RANGE FOR WHICH IT WAS DESIGNED', 9),
  (39, 3, 10, 'CHECK PUMP STAFFING BOX (WHEN OPERATING IN DRILLING MUD, PREVENT PACKING DRIP PAGE FROM CLOGGING THE DRIP PAN AND HARDENING AROUND THE SLINGER AND FRONT SEAL AREA.', 'فحص PUMP STAFFING BOX (WHEN OPERATING IN DRILLING MUD, PREVENT PACKING DRIP PAGE FROM CLOGGING THE DRIP PAN AND HARDENING AROUND THE SLINGER AND FRONT SEAL AREA', 10),
  (40, 3, 11, 'APPLY 1-3 SHOTS OF HAND GREASE GUN EP MULTIPURPOSE GREASE FOR INBOARD AND OUTBOARD BEARINGS (2 PLACES.', 'وضع 1-3 SHOTS OF HAND GREASE GUN EP MULTIPURPOSE GREASE FOR INBOARD AND OUTBOARD BEARINGS (2 PLACES', 11),
  (41, 3, 12, 'APPLY 20 SHOTS OF HAND GREASE GUN EP MULTIPURPOSE GREASE FOR STUFFING BOX (IF APPLICABLE. TO PREVENT THE PACKING FROM OVERHEATING (GREASE SHOULD BE PUMPED INTO THE BOX WHILE TURNING THE SHAFT UNTIL IT COMES OUT AROUND THE PACKING GLAND.', 'وضع 20 SHOTS OF HAND GREASE GUN EP MULTIPURPOSE GREASE FOR STUFFING BOX (IF APPLICABLE. TO PREVENT THE PACKING FROM OVERHEATING (GREASE SHOULD BE PUMPED INTO THE BOX WHILE TURNING THE SHAFT UNTIL IT COMES OUT AROUND THE PACKING GLAND', 12),
  (42, 3, 13, 'CHECK SUCTION AND DISCHARGE VALVES TO BE IN OPEN POSITION', 'فحص SUCTION AND DISCHARGE VALVES TO BE IN OPEN POSITION', 13),
  (43, 3, 14, 'CHECK PUMP FOR ABNORMAL NOISES AND VIBRATIONS', 'فحص PUMP FOR ABNORMAL NOISES AND VIBRATIONS', 14),
  (44, 4, 1, 'COMPLETE REQUIRED PERMIT-TO-WORK (PTW).RECORD AT THE NOTIFICATION THE PTW NUMBER.', 'إكمال تصريح العمل المطلوب (PTW)', 1),
  (45, 4, 2, 'MECHANICAL AND ELECTRICAL LOCKOUT / TAG-OUT PERMIT REQUIRED.', 'قفل / وضع علامة ميكانيكية وكهربائية مطلوب', 2),
  (46, 4, 3, 'REVIEW / COMPLETE JOB-SAFETY-ANALYSIS (JSA).', 'مراجعة / إكمال تحليل سلامة الوظيفة (JSA)', 3),
  (47, 4, 4, 'INFORM AREA AUTHORITY IF WORK IS CARRIED OUT ON CRITICAL EQUIPMENT FOR ONGOING OPERATION.', 'إبلاغ سلطة المنطقة إذا تم العمل على معدات حيوية للعملية المستمرة', 4),
  (48, 4, 5, 'WHERE APPROPRIATE, ENSURE TEST EQUIPMENT AND TOOLS HAVE VALID CERTIFICATION/CALIBRATION', 'التأكد من أن معدات وأدوات الاختبار لديها شهادة/معايرة سارية', 5),
  (49, 4, 6, 'WEAR ALL PROPER SAFETY EQUIPMENT', 'ارتداء جميع معدات السلامة المناسبة', 6),
  (50, 4, 7, 'PERFORM THE DAILY INSPECTION', 'PERFORM THE DAILY INSPECTION', 7),
  (51, 4, 8, 'INSPECT FOR CORROSION OF FASTENERS, HOIST BASE, DRUM, ETC. AND REPAIR/REPLACE AS REQUIRED TO MAINTAIN THE STRUCTURAL INTEGRITY OF THE HOIST', 'تفتيش FOR CORROSION OF FASTENERS, HOIST BASE, DRUM, ETC. AND REPAIR/REPLACE AS REQUIRED TO MAINTAIN THE STRUCTURAL INTEGRITY OF THE HOIST', 8),
  (52, 4, 9, 'INSPECT THEHYDRAULIC VALVE CYLINDER FROM ANY DAMAGE OR WEAR', 'تفتيش THEHYDRAULIC VALVE CYLINDER FROM ANY DAMAGE OR WEAR', 9),
  (53, 4, 10, 'FUNCTION TEST THE WINCH AND MAKE SURE IT''S WORKING PROPERLY', 'اختبار وظيفي THE WINCH AND MAKE SURE IT''S WORKING PROPERLY', 10),
  (54, 4, 11, 'MAKE SURE THE CONTROL VALVE ARE COVER PROPERLY FROM DUST AND MUD', 'MAKE SURE THE CONTROL VALVE ARE COVER PROPERLY FROM DUST AND MUD', 11),
  (55, 5, 1, 'COMPLETE REQUIRED PERMIT-TO-WORK (PTW).RECORD AT THE NOTIFICATION THE PTW NUMBER.', 'إكمال تصريح العمل المطلوب (PTW)', 1),
  (56, 5, 2, 'MECHANICAL AND ELECTRICAL LOCKOUT / TAG-OUT PERMIT REQUIRED.', 'قفل / وضع علامة ميكانيكية وكهربائية مطلوب', 2),
  (57, 5, 3, 'REVIEW / COMPLETE JOB-SAFETY-ANALYSIS (JSA).', 'مراجعة / إكمال تحليل سلامة الوظيفة (JSA)', 3),
  (58, 5, 4, 'INFORM AREA AUTHORITY IF WORK IS CARRIED OUT ON CRITICAL EQUIPMENT FOR ONGOING OPERATION.', 'إبلاغ سلطة المنطقة إذا تم العمل على معدات حيوية للعملية المستمرة', 4),
  (59, 5, 5, 'WHERE APPROPRIATE, ENSURE TEST EQUIPMENT AND TOOLS HAVE VALID CERTIFICATION/CALIBRATION', 'التأكد من أن معدات وأدوات الاختبار لديها شهادة/معايرة سارية', 5),
  (60, 5, 6, 'WEAR ALL PROPER SAFETY EQUIPMENT', 'ارتداء جميع معدات السلامة المناسبة', 6),
  (61, 5, 7, 'CHECK ROPE GUIDE ROLLER CONDITION (UNEVEN WEAR)', 'فحص ROPE GUIDE ROLLER CONDITION (UNEVEN WEAR)', 7),
  (62, 5, 8, 'INSPECT FULL WIRE LENGTH AND CLAMP', 'تفتيش FULL WIRE LENGTH AND CLAMP', 8),
  (63, 5, 9, 'INSPECT EXHAUST SILENCER CONDITION', 'تفتيش EXHAUST SILENCER CONDITION', 9),
  (64, 5, 10, 'CHECK THE RETAINER RINGS, CAP SCREW, NUTS AND OTHER FASTENERS ON WINCH INCLUDING MOUNTING BOLTS', 'فحص THE RETAINER RINGS, CAP SCREW, NUTS AND OTHER FASTENERS ON WINCH INCLUDING MOUNTING BOLTS', 10),
  (65, 5, 11, 'CHECK FOR CRACKS WEAR OR DAMAGE IN DRUM AND SHEAVES', 'فحص FOR CRACKS WEAR OR DAMAGE IN DRUM AND SHEAVES', 11),
  (66, 5, 12, 'INSPECT THE WIRE ROPE FOR ANY DAMAGE', 'تفتيش THE WIRE ROPE FOR ANY DAMAGE', 12),
  (67, 5, 13, 'CLEAN THE WIRE ROPE IF DIRT OR CORRODED', 'تنظيف THE WIRE ROPE IF DIRT OR CORRODED', 13),
  (68, 5, 14, 'CHECK WIRE ROPE ANCHOR IS SECURE', 'فحص WIRE ROPE ANCHOR IS SECURE', 14),
  (69, 5, 15, 'INSPECT THE WIRE ROPE FOR BROKEN STRANDS/WIRES', 'تفتيش THE WIRE ROPE FOR BROKEN STRANDS/WIRES', 15),
  (70, 5, 16, 'INSPECT WEAR DAMAGE OR CRACK DISTORTION AND CLEANLINESS OF ALL COMPONENTS', 'تفتيش WEAR DAMAGE OR CRACK DISTORTION AND CLEANLINESS OF ALL COMPONENTS', 16),
  (71, 5, 17, 'CHECK BRAKES INDIVIDUAL TEST TO ENSURE THE PROPER OPERATION', 'فحص BRAKES INDIVIDUAL TEST TO ENSURE THE PROPER OPERATION', 17),
  (72, 5, 18, 'CHECK THE WINCH IS FIRMLY MOUNTING FASTENER ARE IN GOOD', 'فحص THE WINCH IS FIRMLY MOUNTING FASTENER ARE IN GOOD', 18),
  (73, 5, 19, 'CHECK WINCH GUARD FASTENERS ARE TIGHT AND IN GOOD CONDITION', 'فحص WINCH GUARD FASTENERS ARE TIGHT AND IN GOOD CONDITION', 19),
  (74, 5, 20, 'ENSURE EMERGENCY STOP VALVE IS WORKING AND WINCH STOPS QUICKLY', 'التأكد EMERGENCY STOP VALVE IS WORKING AND WINCH STOPS QUICKLY', 20),
  (75, 5, 21, 'CHECK THE PRESENCE AND LEGIBILITY OF LABELS AND SPECS PLATE', 'فحص THE PRESENCE AND LEGIBILITY OF LABELS AND SPECS PLATE', 21),
  (76, 5, 22, 'LUBRICATE THE GREASE FITTINGS IF REQUIRED', 'تزييت THE GREASE FITTINGS IF REQUIRED', 22),
  (77, 5, 23, 'CHECK OIL LEVEL IN GEARBOX', 'فحص OIL LEVEL IN GEARBOX', 23),
  (78, 5, 24, 'INSPECT SYSTEM AIR FILTER', 'تفتيش SYSTEM AIR FILTER', 24),
  (79, 6, 1, 'COMPLETE REQUIRED PERMIT-TO-WORK (PTW).RECORD AT THE NOTIFICATION THE PTW NUMBER.', 'إكمال تصريح العمل المطلوب (PTW)', 1),
  (80, 6, 2, 'MECHANICAL AND ELECTRICAL LOCKOUT / TAG-OUT PERMIT REQUIRED.', 'قفل / وضع علامة ميكانيكية وكهربائية مطلوب', 2),
  (81, 6, 3, 'REVIEW / COMPLETE JOB-SAFETY-ANALYSIS (JSA).', 'مراجعة / إكمال تحليل سلامة الوظيفة (JSA)', 3),
  (82, 6, 4, 'INFORM AREA AUTHORITY IF WORK IS CARRIED OUT ON CRITICAL EQUIPMENT FOR ONGOING OPERATION.', 'إبلاغ سلطة المنطقة إذا تم العمل على معدات حيوية للعملية المستمرة', 4),
  (83, 6, 5, 'WHERE APPROPRIATE, ENSURE TEST EQUIPMENT AND TOOLS HAVE VALID CERTIFICATION/CALIBRATION', 'التأكد من أن معدات وأدوات الاختبار لديها شهادة/معايرة سارية', 5),
  (84, 6, 6, 'WEAR ALL PROPER SAFETY EQUIPMENT', 'ارتداء جميع معدات السلامة المناسبة', 6),
  (85, 6, 7, 'CHECK FOR ANY LEAK', 'فحص FOR ANY LEAK', 7),
  (86, 6, 8, 'CHECK FOR ANY NOISE OR VIBRATION', 'فحص FOR ANY NOISE OR VIBRATION', 8),
  (87, 6, 9, 'CHECK THE IMPELLAR BLADS INSIDE TANK', 'فحص THE IMPELLAR BLADS INSIDE TANK', 9);
-- Total tasks: 87

-- ---------------------------------------------------
-- Equipment
-- ---------------------------------------------------
INSERT OR IGNORE INTO equipment (id, template_id, equipment_name, model, make, serial_number, location) VALUES
  (1, 1, 'AIR COMPRESSOR 1', '3710AC', 'SULLAIR', '201310090010', 'Rig 8'),
  (2, 1, 'AIR COMPRESSOR 2', '3710B', 'SULLAIR', '201310090010', 'Rig 8'),
  (3, 2, 'Air Winch #1', 'N/A', 'N/A', 'N/A', 'Rig 8'),
  (4, 2, 'Air Winch #2', 'XJFH-5/35KZS', 'PNEUMATIC', 'N/A', 'Rig 8'),
  (5, 3, 'COOLING PUMP 1', 'N/A', 'N/A', 'N/A', 'Rig 8'),
  (6, 3, 'COOLING PUMP 2', 'N/A', 'N/A', 'N/A', 'Rig 8'),
  (7, 3, 'DECENDER PUMP', 'N/A', 'N/A', 'N/A', 'Rig 8'),
  (8, 3, 'CAMP DIESEL ENGINE', 'N/A', 'N/A', 'N/A', 'Rig 8'),
  (9, 3, 'RIG DIESEL PUMP1', 'N/A', 'N/A', 'N/A', 'Rig 8'),
  (10, 3, 'RIG DIESEL PUMP 2', 'N/A', 'N/A', 'N/A', 'Rig 8'),
  (11, 4, 'HYDRAULIC WINCH 1', '4335', 'LANTEC', '', 'Rig 8'),
  (12, 4, 'HYDRAULIC WINCH 2', '4335', 'LANTEC', '30911', 'Rig 8'),
  (13, 5, 'Man Rider', 'N/A', 'N/A', 'N/A', 'Rig 8'),
  (14, 3, 'MIXING PUMP 1', 'N/A', 'N/A', 'N/A', 'Rig 8'),
  (15, 3, 'MIXING PUMP 2', 'N/A', 'N/A', 'N/A', 'Rig 8'),
  (16, 6, 'MUD AGITATOR 1', 'N/A', 'N/A', 'N/A', 'Rig 8'),
  (17, 6, 'MUD AGITATOR 10', 'N/A', 'N/A', 'N/A', 'Rig 8'),
  (18, 6, 'MUD AGITATOR 11', 'N/A', 'N/A', 'N/A', 'Rig 8'),
  (19, 6, 'MUD AGITATOR 12', 'N/A', 'N/A', 'N/A', 'Rig 8'),
  (20, 6, 'MUD AGITATOR 13', 'N/A', 'N/A', 'N/A', 'Rig 8'),
  (21, 6, 'MUD AGITATOR 14', 'N/A', 'N/A', 'N/A', 'Rig 8'),
  (22, 6, 'MUD AGITATOR 15', 'N/A', 'N/A', 'N/A', 'Rig 8'),
  (23, 6, 'MUD AGITATOR 16', 'N/A', 'N/A', 'N/A', 'Rig 8'),
  (24, 6, 'MUD AGITATOR 2', 'N/A', 'N/A', 'N/A', 'Rig 8'),
  (25, 6, 'MUD AGITATOR 3', 'N/A', 'N/A', 'N/A', 'Rig 8'),
  (26, 6, 'MUD AGITATOR 4', 'N/A', 'N/A', 'N/A', 'Rig 8'),
  (27, 6, 'MUD AGITATOR 5', 'N/A', 'N/A', 'N/A', 'Rig 8'),
  (28, 6, 'MUD AGITATOR 6', 'N/A', 'N/A', 'N/A', 'Rig 8'),
  (29, 6, 'MUD AGITATOR 7', 'N/A', 'N/A', 'N/A', 'Rig 8'),
  (30, 6, 'MUD AGITATOR 8', 'N/A', 'N/A', 'N/A', 'Rig 8'),
  (31, 6, 'MUD AGITATOR 9', 'N/A', 'N/A', 'N/A', 'Rig 8'),
  (32, 3, 'COOLING PUMP FOR MUD PUMP 1', 'N/A', 'N/A', 'N/A', 'Rig 8'),
  (33, 3, 'COOLING PUMP FOR MUD PUMP 2', 'N/A', 'N/A', 'N/A', 'Rig 8'),
  (34, 3, 'SUPER CHARGE PUMP1', 'N/A', 'N/A', 'N/A', 'Rig 8'),
  (35, 3, 'SUPER CHARGE PUMP 2', 'N/A', 'N/A', 'N/A', 'Rig 8'),
  (36, 3, 'TRANSFER PUMP1', 'N/A', 'N/A', 'N/A', 'Rig 8'),
  (37, 3, 'TRANSFER PUMP2', 'N/A', 'N/A', 'N/A', 'Rig 8'),
  (38, 3, 'TRIP TANK PUMP', 'N/A', 'N/A', 'N/A', 'Rig 8'),
  (39, 3, 'WATER PUMP 1', 'N/A', 'N/A', 'N/A', 'Rig 8'),
  (40, 3, 'WATER PUMP2', 'N/A', 'N/A', 'N/A', 'Rig 8'),
  (41, 3, 'WATER PUMP 3', 'N/A', 'N/A', 'N/A', 'Rig 8');

-- ---------------------------------------------------
-- Equipment Schedules (Monthly frequency for all)
-- ---------------------------------------------------
INSERT OR IGNORE INTO equipment_schedules (equipment_id, frequency_id, is_active) VALUES
  (1, 2, 1),
  (2, 2, 1),
  (3, 2, 1),
  (4, 2, 1),
  (5, 2, 1),
  (6, 2, 1),
  (7, 2, 1),
  (8, 2, 1),
  (9, 2, 1),
  (10, 2, 1),
  (11, 2, 1),
  (12, 2, 1),
  (13, 2, 1),
  (14, 2, 1),
  (15, 2, 1),
  (16, 2, 1),
  (17, 2, 1),
  (18, 2, 1),
  (19, 2, 1),
  (20, 2, 1),
  (21, 2, 1),
  (22, 2, 1),
  (23, 2, 1),
  (24, 2, 1),
  (25, 2, 1),
  (26, 2, 1),
  (27, 2, 1),
  (28, 2, 1),
  (29, 2, 1),
  (30, 2, 1),
  (31, 2, 1),
  (32, 2, 1),
  (33, 2, 1),
  (34, 2, 1),
  (35, 2, 1),
  (36, 2, 1),
  (37, 2, 1),
  (38, 2, 1),
  (39, 2, 1),
  (40, 2, 1),
  (41, 2, 1);

-- ---------------------------------------------------
-- Seed Admin / Manager User
-- ---------------------------------------------------
INSERT OR IGNORE INTO users (id, username, email, password_hash, role, full_name, preferred_lang)
VALUES (1, 'manager', 'mohamedtarekhse@gmail.com', '$2a$10$initialhashplaceholder', 'manager', 'Mohamed Tarek', 'en');
